{
  "n_nonces": 500,
  "sol_mean": 64.0,
  "sol_std": 0.0,
  "d1_std": 45.39992933915206,
  "d1_corr_r": NaN,
  "d1_corr_p": NaN,
  "t_full_ms": 119.0679866913706,
  "t_d1_ms": 122.74440521840006
}